<?xml version="1.0" encoding="UTF-8" standalone="yes" ?>
<cp:coreProperties xmlns:cp="http://schemas.openxmlformats.org/package/2006/metadata/core-properties" xmlns:dc="http://purl.org/dc/elements/1.1/" xmlns:dcmitype="http://purl.org/dc/dcmitype/" xmlns:dcterms="http://purl.org/dc/terms/" xmlns:xsi="http://www.w3.org/2001/XMLSchema-instance">
  <cp:category>model</cp:category>
  <dcterms:created xsi:type="dcterms:W3CDTF">2022-03-17T18:51:29Z</dcterms:created>
  <dc:creator>cesar</dc:creator>
  <cp:lastModifiedBy>omarg</cp:lastModifiedBy>
  <dcterms:modified xsi:type="dcterms:W3CDTF">2022-03-21T20:39:12Z</dcterms:modified>
  <cp:revision>3.0</cp:revision>
  <cp:version>R2021b</cp:version>
</cp:coreProperties>
