<?xml version="1.0" encoding="UTF-8"?>
<sltp_editor version="1.1" packageUris="http://schema.mathworks.com/mf0/DiagramEditor/R2019a_20181107 http://schema.mathworks.com/mf0/SltpSyntax/R2021b_202101212121">
  <diagram.editor.model.Diagram type="diagram.editor.model.Diagram" uuid="e605b166-6716-401e-9148-6f481d7a7bae">
    <entities type="diagram.editor.model.Entity" uuid="4c798129-96e9-4a70-a734-0594bf129899">
      <position>0,0</position>
      <size>0,0,0,0</size>
      <syntaxElement type="sltp.mm.syntax.Node" uuid="1162d7e4-2738-4128-bc39-897826d2f948"/>
      <title>Cont</title>
      <type>base</type>
      <subDiagram type="diagram.editor.model.Diagram" uuid="df021dee-0023-4338-94e6-b9ca19f4713e">
        <position>0,0</position>
        <syntaxElement type="sltp.mm.syntax.Graph" uuid="e22b3713-387c-4d53-846c-3d6770e97304"/>
        <title>Cont</title>
        <type>graph.Graph</type>
      </subDiagram>
    </entities>
    <syntaxElement type="sltp.mm.syntax.Graph" uuid="b082ea60-8cc7-4382-9298-7a5d429f8720"/>
    <title>Default</title>
    <type>graph.Graph</type>
  </diagram.editor.model.Diagram>
  <sltp.mm.syntax.Context type="sltp.mm.syntax.Context" uuid="e5d9405a-6102-4694-a254-2685840b2ec4">
    <rootGraph type="sltp.mm.syntax.Graph" uuid="b082ea60-8cc7-4382-9298-7a5d429f8720">
      <children type="sltp.mm.syntax.Node" uuid="1162d7e4-2738-4128-bc39-897826d2f948">
        <priority>40</priority>
        <rates type="sltp.mm.syntax.RateData">
          <color>#000000</color>
          <hasBlocks>true</hasBlocks>
          <rate>0</rate>
          <title>Cont</title>
        </rates>
        <title>Cont</title>
        <type>base</type>
        <diagramElement type="diagram.editor.model.Entity" uuid="4c798129-96e9-4a70-a734-0594bf129899"/>
        <subgraph type="sltp.mm.syntax.Graph" uuid="e22b3713-387c-4d53-846c-3d6770e97304">
          <title>Cont</title>
          <diagramElement type="diagram.editor.model.Diagram" uuid="df021dee-0023-4338-94e6-b9ca19f4713e"/>
        </subgraph>
      </children>
      <title>Default</title>
      <diagramElement type="diagram.editor.model.Diagram" uuid="e605b166-6716-401e-9148-6f481d7a7bae"/>
    </rootGraph>
  </sltp.mm.syntax.Context>
</sltp_editor>