<?xml version="1.0" encoding="UTF-8"?>
<sltp_graph version="1.1" packageUris="http://schema.mathworks.com/mf0/sltp_mm/R2021b_202106150630">
  <sltp.mm.core.Context type="sltp.mm.core.Context" uuid="fa5b7936-b257-443f-a6a6-17d234662c46">
    <priorityDirection>HighNumberLast</priorityDirection>
    <editorState type="sltp.mm.core.EditorState" uuid="7c09ce62-97fa-4f90-81c8-381fea60607b">
      <isSynchronized>true</isSynchronized>
      <panelState type="sltp.mm.core.EditorPanelState" uuid="66ed90b6-dfaa-4202-973d-197f56c7697e"/>
    </editorState>
    <rootTask type="sltp.mm.core.Task" uuid="e0ef33cc-0e86-4358-b788-bd440ca6c79a">
      <context type="sltp.mm.core.Context" uuid="fa5b7936-b257-443f-a6a6-17d234662c46"/>
      <explicit>false</explicit>
      <name>Default</name>
      <priority>-2147483648</priority>
      <subgraph type="sltp.mm.core.Graph" uuid="44e4884b-f64f-4021-bf4c-f0d118a3b7e8">
        <tasks type="sltp.mm.core.Task" uuid="cb9c48b5-5129-487f-80b9-9951722dec41">
          <baseTask>true</baseTask>
          <context type="sltp.mm.core.Context" uuid="fa5b7936-b257-443f-a6a6-17d234662c46"/>
          <explicit>false</explicit>
          <id>1</id>
          <isTimed>true</isTimed>
          <name>Cont</name>
          <priority>40</priority>
          <rates type="sltp.mm.core.Rate" uuid="3f4668fa-9c7f-4236-89e3-92841c963604">
            <annotation>Cont</annotation>
            <color>255</color>
            <hasBlocks>true</hasBlocks>
            <rateSpec type="sltp.mm.core.RateSpec">
              <period>0.0</period>
            </rateSpec>
            <sti>0</sti>
          </rates>
        </tasks>
      </subgraph>
    </rootTask>
  </sltp.mm.core.Context>
</sltp_graph>