<?xml version="1.0" encoding="utf-8"?>
<System>
  <P Name="Location">[223, 338, 826, 833]</P>
  <P Name="SystemRect">[0.000000, 0.000000, 0.000000, 0.000000]</P>
  <P Name="SetExecutionDomain">off</P>
  <P Name="ExecutionDomainType">Deduce</P>
  <P Name="SIDHighWatermark">27</P>
  <P Name="SimulinkSubDomain">Simulink</P>
  <Block BlockType="Inport" Name="tau" SID="2::23">
    <P Name="Position">[20, 101, 40, 119]</P>
    <P Name="ZOrder">14</P>
  </Block>
  <Block BlockType="Demux" Name=" Demux " SID="2::26">
    <P Name="Ports">[1, 1]</P>
    <P Name="Position">[270, 230, 320, 270]</P>
    <P Name="ZOrder">17</P>
    <P Name="Outputs">1</P>
  </Block>
  <Block BlockType="S-Function" Name=" SFunction " SID="2::25">
    <P Name="Tag">Stateflow S-Function 1</P>
    <P Name="Ports">[1, 3]</P>
    <P Name="Position">[180, 100, 230, 180]</P>
    <P Name="ZOrder">16</P>
    <P Name="FunctionName">sf_sfun</P>
    <P Name="PortCounts">[1 3]</P>
    <P Name="SFunctionDeploymentMode">off</P>
    <P Name="EnableBusSupport">on</P>
    <P Name="SFcnIsStateOwnerBlock">off</P>
    <Port>
      <P Name="PortNumber">2</P>
      <P Name="Name">x1p</P>
    </Port>
    <Port>
      <P Name="PortNumber">3</P>
      <P Name="Name">x2p</P>
    </Port>
  </Block>
  <Block BlockType="Terminator" Name=" Terminator " SID="2::27">
    <P Name="Position">[460, 241, 480, 259]</P>
    <P Name="ZOrder">18</P>
  </Block>
  <Block BlockType="Outport" Name="x1p" SID="2::5">
    <P Name="Position">[460, 101, 480, 119]</P>
    <P Name="ZOrder">-5</P>
  </Block>
  <Block BlockType="Outport" Name="x2p" SID="2::24">
    <P Name="Position">[460, 136, 480, 154]</P>
    <P Name="ZOrder">15</P>
    <P Name="Port">2</P>
  </Block>
  <Line>
    <P Name="ZOrder">56</P>
    <P Name="Src">2::23#out:1</P>
    <P Name="Dst">2::25#in:1</P>
  </Line>
  <Line>
    <P Name="Name">x1p</P>
    <P Name="ZOrder">57</P>
    <P Name="Labels">[0, 0]</P>
    <P Name="Src">2::25#out:2</P>
    <P Name="Dst">2::5#in:1</P>
  </Line>
  <Line>
    <P Name="Name">x2p</P>
    <P Name="ZOrder">58</P>
    <P Name="Labels">[0, 0]</P>
    <P Name="Src">2::25#out:3</P>
    <P Name="Dst">2::24#in:1</P>
  </Line>
  <Line>
    <P Name="ZOrder">59</P>
    <P Name="Src">2::26#out:1</P>
    <P Name="Dst">2::27#in:1</P>
  </Line>
  <Line>
    <P Name="ZOrder">60</P>
    <P Name="Src">2::25#out:1</P>
    <P Name="Dst">2::26#in:1</P>
  </Line>
</System>
