<?xml version="1.0" encoding="utf-8"?>
<Stateflow>
  <machine id="9">
    <P Name="sfVersion">80000046</P>
    <Children>
      <target id="26" name="sfun">
        <P Name="description">Default Simulink S-Function Target.</P>
      </target>
      <chart Ref="chart_10"/>
      <chart Ref="chart_18"/>
    </Children>
  </machine>
  <instance id="17">
    <P Name="machine">9</P>
    <P Name="name">Dinamica del sistema</P>
    <P Name="chart">10</P>
  </instance>
  <instance id="25">
    <P Name="machine">9</P>
    <P Name="name">Control tau</P>
    <P Name="chart">18</P>
  </instance>
</Stateflow>
